prompt_id,diversity_clip_image_distance,num_images
B01,0.06706535816192627,3
B02,0.0604409376780192,3
B03,0.1001158356666565,3
B04,0.19140968720118204,3
B05,0.10792255401611328,3
B06,0.12249135971069336,3
B07,0.04993883768717448,3
B08,0.029035905996958416,3
B09,0.037299116452534996,3
B10,0.11070831616719563,3
B11,0.08356209595998128,3
B12,0.16470694541931152,3
B13,0.10021225611368816,3
B14,0.09345990419387817,3
B15,0.1307242512702942,3
