detail_level,clip_score_mean,sharpness_mean,diversity_mean
detailed,35.2813067038854,0.008683396029906967,0.11106750170389812
medium,34.72480694452921,0.010872113627071182,0.07488427956899006
short,32.03867316246033,0.011646630801260471,0.10386689106623333
