case_id,case_type,clip_score_mean,clip_score_std,sharpness_mean,sharpness_std,diversity_clip_image_distance,num_images
C01,contradictory_prompt,34.28167402744293,0.5963869947916383,0.00823881383985281,0.0008649201892096705,0.106808602809906,3
C02,spatial_counting_prompt,39.02415931224823,1.8339648752702609,0.002492781262844801,0.0007888142556028978,0.09222382307052612,3
C03,abstract_spanish_prompt,23.77183536688487,1.4117852485321551,0.01303583507736524,0.00797500538264096,0.13061233361562094,3
