case_id,diversity_clip_image_distance,num_images
C01,0.106808602809906,3
C02,0.09222382307052612,3
C03,0.13061233361562094,3
