theme,clip_score_mean,sharpness_mean,diversity_mean
ant_scene,38.45713105466631,0.00590286295240124,0.11965911918216281
autumn_park,32.400653428501556,0.011976760191222032,0.0387579533788893
biomedical_laboratory,32.74432056479984,0.009506804972059198,0.07587404383553399
monaco_race,32.06611341900296,0.01989423959619469,0.10813213719262017
scientist_portrait,34.406426217820915,0.004722899718520542,0.14060786697599623
